timestamp,k,state,T,T_pred_next,T_amb,omega,I,event
1770840948.7375314,1,RUN,25.0034,33.2617,30.5261,1160.55,12.3581,
1770840948.8399048,2,RUN,25.0067,33.2676,30.5325,1135.25,12.3514,
1770840948.9418468,3,RUN,25.0102,33.1253,30.4899,1205.60,12.6625,
1770840949.0446935,4,RUN,25.0139,33.0427,30.4932,1295.78,12.8495,
1770840949.145627,5,RUN,25.0174,33.2108,30.4502,1325.28,12.4659,
1770840949.2488446,6,RUN,25.0209,33.2560,30.4941,1321.29,12.3920,
1770840949.3504686,7,RUN,25.0244,33.2785,30.4601,1419.09,12.3302,
1770840949.453179,8,RUN,25.0280,33.1785,30.4387,1390.92,12.5431,
1770840949.5551674,9,RUN,25.0317,33.1053,30.4570,1423.94,12.7154,
1770840949.656631,10,RUN,25.0352,33.2237,30.5640,1391.43,12.5105,
1770840949.7596014,11,RUN,25.0390,33.0177,30.5234,1440.71,12.9621,
1770840949.8612478,12,RUN,25.0426,33.1664,30.5177,1373.49,12.6323,
1770840949.9623997,13,RUN,25.0464,33.0755,30.5502,1432.95,12.8496,
1770840950.0644732,14,RUN,25.0502,33.0483,30.5169,1451.53,12.8963,
1770840950.167225,15,RUN,25.0540,33.0110,30.5278,1521.24,12.9857,
1770840950.2692626,16,RUN,25.0579,33.0256,30.5618,1526.65,13.1014,
1770840950.370892,17,RUN,25.0617,33.1008,30.5934,1410.08,12.9735,
1770840950.4729679,18,RUN,25.0654,33.1087,30.5698,1358.97,12.8634,
1770840950.574861,19,RUN,25.0693,33.1575,30.6446,1289.70,13.2507,
1770840950.6774023,20,RUN,25.0731,33.1007,30.5604,1262.91,13.3158,
1770840950.7783058,21,RUN,25.0771,33.0835,30.5897,1319.81,13.6332,
1770840950.880272,22,RUN,25.0813,33.0550,30.5723,1282.82,13.9764,
1770840950.983276,23,RUN,25.0852,33.1315,30.5627,1180.76,13.5231,
1770840951.085825,24,RUN,25.0891,33.0846,30.5168,1220.54,13.5800,
1770840951.1867206,25,RUN,25.0930,33.1233,30.5513,1186.36,13.6434,
1770840951.2893858,26,RUN,25.0970,33.1494,30.5826,1161.61,13.8262,
1770840951.391123,27,RUN,25.1009,33.1622,30.5495,1132.56,13.6735,
1770840951.4918299,28,RUN,25.1048,33.1197,30.4897,1171.52,13.4857,
1770840951.5945036,29,RUN,25.1087,33.0904,30.4903,1209.98,13.6643,
1770840951.695187,30,RUN,25.1126,33.1213,30.5236,1202.10,13.4950,
1770840951.7967489,31,RUN,25.1161,33.2256,30.5196,1067.12,12.9162,
1770840951.8983445,32,RUN,25.1197,33.2494,30.4535,987.34,13.0761,
1770840952.0011032,33,RUN,25.1235,33.2303,30.4082,957.08,13.5958,
1770840952.1028004,34,RUN,25.1271,33.2022,30.3904,1016.08,13.2223,
1770840952.203629,35,RUN,25.1306,33.2552,30.3801,940.08,13.0867,
1770840952.3056622,36,RUN,25.1341,33.3566,30.4221,801.90,13.2605,
1770840952.4076312,37,RUN,25.1373,33.4073,30.4340,754.36,12.6820,
1770840952.5109484,38,RUN,25.1406,33.4341,30.4376,712.01,12.7751,
1770840952.6132362,39,RUN,25.1439,33.3621,30.4387,840.15,12.6794,
1770840952.7158237,40,RUN,25.1472,33.3359,30.3875,854.49,12.7674,
1770840952.8167093,41,RUN,25.1506,33.3178,30.4555,921.30,12.9101,
1770840952.9191406,42,RUN,25.1539,33.4099,30.5287,826.20,12.6542,
1770840953.0208476,43,RUN,25.1569,33.5801,30.4823,795.01,12.1035,
1770840953.1218152,44,RUN,25.1597,33.8325,30.5141,777.23,11.5152,
1770840953.224161,45,RUN,25.1626,33.6966,30.4633,802.32,11.8505,
1770840953.3261476,46,RUN,25.1657,33.5311,30.5631,1035.43,12.0162,
1770840953.42784,47,RUN,25.1688,33.5500,30.5137,864.86,12.1233,
1770840953.5285468,48,RUN,25.1717,33.6791,30.4730,831.63,11.8785,
1770840953.631378,49,RUN,25.1748,33.6313,30.4660,916.91,11.9413,
1770840953.7334003,50,RUN,25.1775,33.9491,30.4580,834.06,11.2714,
1770840953.8358147,51,RUN,25.1805,33.6531,30.4337,829.76,11.9786,
1770840953.9366148,52,RUN,25.1834,33.7169,30.4402,908.38,11.7789,
1770840954.039561,53,RUN,25.1862,33.8835,30.3810,831.17,11.4888,
1770840954.141565,54,RUN,25.1891,33.7286,30.4874,765.46,11.8242,
1770840954.2432065,55,RUN,25.1921,33.6553,30.4423,839.98,11.9782,
1770840954.3446157,56,RUN,25.1950,33.7737,30.4344,836.72,11.7162,
1770840954.4467382,57,RUN,25.1976,33.9917,30.4567,800.32,11.2260,
1770840954.5474608,58,RUN,25.2006,33.7345,30.3928,814.13,11.8576,
1770840954.6499534,59,RUN,25.2035,33.6873,30.4008,804.64,11.9720,
1770840954.7516124,60,RUN,25.2064,33.7366,30.4661,822.19,11.8076,
1770840954.8525043,61,RUN,25.2096,33.4469,30.5215,856.49,12.4219,
1770840954.954718,62,RUN,25.2125,33.7113,30.5306,758.53,11.8746,
1770840955.0572462,63,RUN,25.2155,33.6808,30.6132,896.42,11.8028,
1770840955.1588042,64,RUN,25.2184,33.8356,30.5940,1013.34,11.3600,
1770840955.2600837,65,RUN,25.2212,33.9230,30.5493,1064.81,11.2022,
1770840955.3624554,66,RUN,25.2241,33.8702,30.5490,1051.73,11.3372,
1770840955.463482,67,RUN,25.2271,33.7658,30.6194,1058.98,11.5948,
1770840955.5659955,68,RUN,25.2299,33.9080,30.5169,1055.08,11.2575,
1770840955.6682768,69,RUN,25.2327,34.0053,30.4559,984.83,11.1238,
1770840955.7705314,70,RUN,25.2354,34.0124,30.5017,878.72,11.1361,
1770840955.8732965,71,RUN,25.2382,33.8618,30.4775,852.50,11.5372,
1770840955.975119,72,RUN,25.2411,33.8519,30.5044,959.49,11.4754,
1770840956.0777836,73,RUN,25.2440,33.8269,30.4696,941.59,11.5724,
1770840956.1808105,74,RUN,25.2468,33.8355,30.4785,854.83,11.6086,
1770840956.2817097,75,RUN,25.2501,33.4513,30.4899,1056.23,12.3593,
1770840956.3844326,76,RUN,25.2531,33.7255,30.4472,1033.24,11.7739,
1770840956.4869068,77,RUN,25.2564,33.5199,30.4177,1058.49,12.2563,
1770840956.5888772,78,RUN,25.2592,33.9191,30.3812,1006.16,11.3974,
1770840956.6905375,79,RUN,25.2620,34.0393,30.3731,921.17,11.1856,
1770840956.7933376,80,RUN,25.2644,34.3599,30.3293,913.62,10.4825,
1770840956.895198,81,RUN,25.2668,34.5563,30.2559,1083.96,9.9675,
1770840956.996747,82,RUN,25.2697,34.0192,30.2011,1230.92,11.1296,
1770840957.098673,83,RUN,25.2726,33.9791,30.1425,1201.46,11.2662,
1770840957.2008052,84,RUN,25.2755,34.0372,30.2289,1122.51,11.1681,
1770840957.3030646,85,RUN,25.2783,34.0846,30.2678,1157.29,11.0176,
1770840957.4044688,86,RUN,25.2810,34.1611,30.2611,1047.30,10.9223,
1770840957.5059955,87,RUN,25.2836,34.2574,30.2478,1065.87,10.7002,
1770840957.6089904,88,RUN,25.2863,34.2021,30.2714,1146.89,10.7624,
1770840957.71002,89,RUN,25.2890,34.1976,30.2889,1151.14,10.7624,
1770840957.8119917,90,RUN,25.2918,34.2192,30.2529,1176.46,10.7235,
1770840957.913355,91,RUN,25.2946,34.0996,30.3575,1302.33,10.8778,
1770840958.0158138,92,RUN,25.2976,33.9202,30.3194,1213.34,11.3543,
1770840958.1181736,93,RUN,25.3003,34.2091,30.3325,1251.75,10.6565,
1770840958.2204924,94,RUN,25.3029,34.4064,30.3789,1288.10,10.2123,
1770840958.3225076,95,RUN,25.3056,34.3957,30.3553,1309.20,10.2333,
1770840958.4232569,96,RUN,25.3081,34.4404,30.3407,1300.92,10.1325,
1770840958.5261347,97,RUN,25.3105,34.7708,30.3483,1418.64,9.1058,
1770840958.6281521,98,RUN,25.3129,34.7508,30.3365,1432.76,9.2242,
1770840958.7300048,99,RUN,25.3152,34.7049,30.3179,1292.22,9.3554,
1770840958.8320794,100,RUN,25.3176,34.5258,30.4042,1169.51,9.7009,
1770840958.9330454,101,RUN,25.3198,34.6549,30.3878,1164.61,9.2798,
1770840959.035815,102,RUN,25.3221,34.6227,30.3711,1268.61,9.5129,
1770840959.1372983,103,RUN,25.3246,34.5287,30.4577,1362.80,9.6885,
1770840959.239104,104,RUN,25.3273,34.3810,30.5449,1397.92,10.0197,
1770840959.341115,105,RUN,25.3298,34.4716,30.5301,1403.25,9.7407,
1770840959.442904,106,RUN,25.3324,34.3338,30.5796,1308.98,10.0537,
1770840959.5445585,107,RUN,25.3351,34.2761,30.5700,1402.68,10.3540,
1770840959.6464994,108,RUN,25.3377,34.3951,30.6611,1461.14,9.7252,
1770840959.747378,109,RUN,25.3401,34.4399,30.6577,1367.38,9.5179,
1770840959.8492012,110,RUN,25.3425,34.4723,30.7333,1418.39,9.2383,
1770840959.9514747,111,RUN,25.3448,34.6460,30.6826,1421.01,8.7517,
1770840960.0532389,112,RUN,25.3472,34.5488,30.6490,1445.97,9.2138,
1770840960.1541564,113,RUN,25.3495,34.4620,30.6795,1262.67,9.3355,
1770840960.2566676,114,RUN,25.3521,34.2881,30.6831,1295.78,9.9820,
1770840960.357696,115,RUN,25.3547,34.2918,30.5799,1248.49,10.2184,
1770840960.4598377,116,RUN,25.3574,34.3318,30.5008,1366.57,10.3657,
1770840960.562097,117,RUN,25.3602,34.2044,30.5432,1320.89,10.6912,
1770840960.6641626,118,RUN,25.3631,34.1444,30.5966,1339.52,10.7850,
1770840960.7661855,119,RUN,25.3658,34.1404,30.6101,1270.45,10.7260,
1770840960.8684247,120,RUN,25.3688,34.0428,30.6025,1301.12,11.1259,
1770840960.9706213,121,RUN,25.3720,33.8026,30.5495,1291.12,11.7185,
1770840961.0719678,122,RUN,25.3751,33.7622,30.5124,1225.34,11.7994,
1770840961.1746602,123,RUN,25.3785,33.5323,30.5546,1226.26,12.3310,
1770840961.2764614,124,RUN,25.3820,33.4425,30.5974,1293.60,12.5527,
1770840961.377729,125,RUN,25.3852,33.7945,30.7138,1277.19,11.7512,
1770840961.4801958,126,RUN,25.3884,33.7193,30.7940,1240.57,11.7944,
1770840961.5822182,127,RUN,25.3913,33.7889,30.8595,1112.39,11.2937,
1770840961.6829655,128,RUN,25.3942,33.7898,30.7794,1048.86,11.4696,
1770840961.7851057,129,RUN,25.3970,33.9325,30.8056,1070.96,10.9045,
1770840961.8876178,130,RUN,25.3996,34.0720,30.6901,1075.31,10.7158,
1770840961.9892197,131,RUN,25.4024,34.0515,30.7131,1131.47,10.7711,
1770840962.0906322,132,RUN,25.4052,33.9700,30.7511,1149.81,10.9831,
1770840962.1934364,133,RUN,25.4080,33.9735,30.7159,1135.44,11.0618,
1770840962.294172,134,RUN,25.4109,33.8820,30.7569,1103.94,11.2703,
1770840962.3971486,135,RUN,25.4139,33.8003,30.7436,1094.53,11.6021,
1770840962.4988973,136,RUN,25.4166,34.0209,30.6440,990.82,11.0092,
1770840962.6004584,137,RUN,25.4194,34.0375,30.5273,936.56,11.3090,
1770840962.7012796,138,RUN,25.4224,33.8504,30.5130,952.38,11.7447,
1770840962.8044205,139,RUN,25.4255,33.6006,30.5794,946.85,12.2861,
1770840962.9052162,140,RUN,25.4286,33.7234,30.5840,879.86,12.0483,
1770840963.007943,141,RUN,25.4315,33.8290,30.5100,808.81,11.9051,
1770840963.1099398,142,RUN,25.4343,34.0128,30.5502,946.47,11.3523,
1770840963.2109454,143,RUN,25.4371,33.9527,30.5698,863.22,11.5421,
1770840963.31236,144,RUN,25.4400,33.8421,30.5633,716.75,11.9135,
1770840963.4158397,145,RUN,25.4427,34.0367,30.5330,674.04,11.4856,
1770840963.5175424,146,RUN,25.4454,34.0840,30.5003,708.27,11.4099,
1770840963.6193252,147,RUN,25.4483,33.8441,30.5167,737.22,11.9381,
1770840963.7210782,148,RUN,25.4513,33.7583,30.4996,619.08,12.3650,
1770840963.8231137,149,RUN,25.4544,33.6970,30.4830,708.24,12.5184,
1770840963.9254587,150,RUN,25.4579,33.6597,30.4765,736.14,13.2988,
1770840964.0260308,151,RUN,25.4614,33.6933,30.5803,741.70,13.3629,
1770840964.1292183,152,RUN,25.4649,33.7519,30.6341,674.04,13.4961,
1770840964.2310684,153,RUN,25.4683,33.7477,30.6328,699.16,13.1627,
1770840964.3330529,154,RUN,25.4714,33.8347,30.5534,533.32,12.7158,
1770840964.4349663,155,RUN,25.4748,33.8229,30.5304,509.86,13.4907,
1770840964.536328,156,RUN,25.4783,33.8874,30.5857,432.89,13.6298,
1770840964.6381726,157,RUN,25.4817,33.8948,30.5654,410.14,13.7039,
1770840964.7399514,158,RUN,25.4853,33.9133,30.5963,383.00,14.1294,
1770840964.8427284,159,RUN,25.4894,33.6562,30.5392,383.51,15.0000,
1770840964.944607,160,RUN,25.4935,33.6749,30.5504,498.17,15.0000,
1770840965.0470893,161,RUN,25.4976,33.7244,30.5794,493.63,14.9318,
1770840965.1483903,162,RUN,25.5015,33.8029,30.5404,528.05,14.5912,
1770840965.250895,163,RUN,25.5056,33.7645,30.5737,614.87,14.7378,
1770840965.3532047,164,RUN,25.5096,33.7440,30.5594,651.19,14.6144,
1770840965.4547935,165,RUN,25.5135,33.8552,30.6062,504.68,14.4801,
1770840965.556669,166,RUN,25.5176,33.6482,30.5067,385.07,15.0000,
1770840965.6577866,167,RUN,25.5213,33.8767,30.5514,327.51,14.3990,
1770840965.7591944,168,RUN,25.5253,33.4496,30.4032,284.03,15.0000,
1770840965.8622067,169,RUN,25.5292,33.4635,30.4249,239.27,15.0000,
1770840965.9638953,170,RUN,25.5332,33.3238,30.3469,215.48,15.0000,
1770840966.0658543,171,RUN,25.5372,33.3524,30.3426,278.75,15.0000,
1770840966.1677103,172,RUN,25.5411,33.3834,30.3760,223.68,15.0000,
1770840966.2686536,173,RUN,25.5448,33.5939,30.4574,146.07,14.6449,
1770840966.3710754,174,RUN,25.5487,33.5729,30.5242,130.76,15.0000,
1770840966.4720407,175,RUN,25.5527,33.6069,30.5021,247.16,15.0000,
1770840966.5738757,176,RUN,25.5567,33.7284,30.5150,372.34,14.8553,
1770840966.6758182,177,RUN,25.5607,33.6096,30.4680,336.45,15.0000,
1770840966.777519,178,RUN,25.5646,33.5860,30.3897,387.45,14.7845,
1770840966.8802068,179,RUN,25.5683,33.6824,30.4471,195.91,14.4699,
1770840966.9809217,180,RUN,25.5720,33.4808,30.3627,129.81,14.5689,
1770840967.0826046,181,RUN,25.5756,33.4795,30.3538,109.54,14.5053,
1770840967.1849215,182,RUN,25.5793,33.3565,30.3639,28.86,14.7880,
1770840967.2872891,183,RUN,25.5832,33.3571,30.3971,59.66,15.0000,
1770840967.3882906,184,RUN,25.5871,33.4876,30.4119,222.47,14.9652,
1770840967.4911048,185,RUN,25.5908,33.5720,30.3965,162.19,14.5523,
1770840967.5929196,186,RUN,25.5944,33.4457,30.3343,91.08,14.5240,
1770840967.6958768,187,RUN,25.5979,33.5809,30.3510,95.17,14.2178,
1770840967.7978544,188,RUN,25.6014,33.7097,30.3960,154.33,14.1539,
1770840967.8996632,189,RUN,25.6050,33.6602,30.3634,198.20,14.2291,
1770840968.0014837,190,RUN,25.6086,33.5088,30.2910,192.76,14.3339,
1770840968.1037848,191,RUN,25.6119,33.6475,30.2460,207.95,13.7520,
1770840968.2057674,192,RUN,25.6153,33.8462,30.3128,307.79,13.6510,
1770840968.3082943,193,RUN,25.6183,33.9080,30.3310,114.99,13.1884,
1770840968.4103124,194,RUN,25.6214,33.7582,30.3163,29.22,13.4742,
1770840968.5115154,195,RUN,25.6243,34.0150,30.4162,0.00,13.1392,
1770840968.6134956,196,RUN,25.6271,34.0428,30.4279,128.89,12.6503,
1770840968.7162697,197,RUN,25.6298,34.0791,30.4404,274.59,11.9896,
1770840968.818236,198,RUN,25.6323,34.1410,30.3763,240.70,11.7813,
1770840968.920069,199,RUN,25.6346,34.4287,30.4170,260.04,11.0713,
1770840969.0207622,200,RUN,25.6370,34.2573,30.4427,213.83,11.5811,
1770840969.1240823,201,RUN,25.6395,34.1354,30.4114,162.91,11.7976,
1770840969.2257795,202,RUN,25.6417,34.3762,30.4495,198.75,11.1233,
1770840969.3278475,203,RUN,25.6439,34.3040,30.4764,116.01,11.2174,
1770840969.429866,204,RUN,25.6461,34.4449,30.4052,151.71,10.8948,
1770840969.5305974,205,RUN,25.6483,34.4799,30.3411,208.82,10.9915,
1770840969.6331127,206,RUN,25.6505,34.5847,30.3104,324.91,10.8152,
1770840969.735125,207,RUN,25.6526,34.6671,30.3120,346.43,10.5673,
1770840969.836297,208,RUN,25.6547,34.6813,30.3356,303.75,10.4027,
1770840969.9391444,209,RUN,25.6563,34.8653,30.4037,220.50,9.4376,
1770840970.0412533,210,RUN,25.6581,34.7891,30.4842,424.45,9.2755,
1770840970.1440666,211,RUN,25.6598,34.9433,30.3874,399.61,9.1610,
1770840970.2462628,212,RUN,25.6615,34.9100,30.3779,310.54,9.3928,
1770840970.3488736,213,RUN,25.6633,34.7953,30.4041,190.99,9.6725,
1770840970.4510639,214,RUN,25.6650,34.7251,30.5068,204.74,9.5375,
1770840970.5524063,215,RUN,25.6665,34.8966,30.4997,253.97,8.8453,
1770840970.6539152,216,RUN,25.6682,34.7124,30.5079,222.73,9.5844,
1770840970.7558873,217,RUN,25.6699,34.8166,30.4992,356.16,9.1429,
1770840970.8581665,218,RUN,25.6715,34.8614,30.5285,381.71,8.7953,
1770840970.9607246,219,RUN,25.6731,34.8719,30.5374,478.71,8.6658,
1770840971.0627189,220,RUN,25.6746,35.0673,30.4528,477.31,8.3048,
1770840971.1634772,221,RUN,25.6759,35.2549,30.4357,470.78,7.6225,
1770840971.2658093,222,RUN,25.6772,35.4044,30.3549,509.35,7.4135,
1770840971.3666034,223,RUN,25.6785,35.5350,30.2267,572.13,7.5224,
1770840971.469122,224,RUN,25.6799,35.5118,30.1910,466.79,7.8567,
1770840971.5710988,225,RUN,25.6814,35.4297,30.2084,657.40,8.0248,
1770840971.6719463,226,RUN,25.6830,35.3288,30.2278,644.04,8.3515,
1770840971.7747917,227,RUN,25.6846,35.3296,30.2591,744.18,8.1430,
1770840971.8770514,228,RUN,25.6863,35.2861,30.2373,705.85,8.4593,
1770840971.9787047,229,RUN,25.6879,35.2370,30.3122,669.14,8.2894,
1770840972.0810742,230,RUN,25.6896,35.1284,30.3279,649.48,8.6702,
1770840972.1826625,231,RUN,25.6912,35.3547,30.2153,583.35,8.3572,
1770840972.2845225,232,RUN,25.6926,35.5568,30.0993,506.26,7.9912,
1770840972.3870115,233,RUN,25.6941,35.6256,30.0893,595.29,7.8932,
1770840972.4888692,234,RUN,25.6956,35.5426,30.0377,590.74,8.3128,
1770840972.5902483,235,RUN,25.6972,35.4822,29.9889,517.89,8.5363,
1770840972.6924255,236,RUN,25.6988,35.5120,29.9778,569.69,8.5308,
1770840972.7941484,237,RUN,25.7004,35.4608,30.0129,486.88,8.5260,
1770840972.8953826,238,RUN,25.7017,35.5931,30.0024,389.61,7.9006,
1770840972.997262,239,RUN,25.7029,35.6712,30.0367,361.54,7.4917,
1770840973.0992692,240,RUN,25.7040,35.9523,30.0319,451.78,6.5794,
1770840973.2012641,241,RUN,25.7051,35.8104,29.9570,377.95,7.1638,
1770840973.302728,242,RUN,25.7062,35.9487,29.9712,439.33,6.7078,
1770840973.404556,243,RUN,25.7072,35.9891,29.9152,475.16,6.7311,
1770840973.5480163,244,RUN,25.7084,35.9390,29.9426,460.14,6.8423,
1770840973.648701,245,RUN,25.7096,35.8754,29.9505,522.36,7.1651,
1770840973.7520816,246,RUN,25.7108,35.7423,29.8695,342.58,7.5658,
1770840973.852693,247,RUN,25.7118,35.8729,29.9289,260.93,6.8219,
1770840973.9546506,248,RUN,25.7130,35.7113,29.9339,335.40,7.5409,
1770840974.0576487,249,RUN,25.7141,35.7798,29.9597,305.66,7.1837,
1770840974.15965,250,RUN,25.7150,35.8776,29.9603,281.72,6.7777,
1770840974.2619567,251,RUN,25.7162,35.7593,30.0627,424.53,7.2321,
1770840974.3642437,252,RUN,25.7175,35.7461,30.0167,492.94,7.4879,
1770840974.466093,253,RUN,25.7189,35.7083,30.0388,592.91,7.7421,
1770840974.567794,254,RUN,25.7204,35.6584,30.0758,643.86,7.8784,
1770840974.66864,255,RUN,25.7218,35.7855,29.9866,650.55,7.6559,
1770840974.7707424,256,RUN,25.7235,35.6946,29.9226,785.10,8.3475,
1770840974.8723023,257,RUN,25.7253,35.4720,29.9906,805.51,8.8878,
1770840974.9746568,258,RUN,25.7271,35.6129,29.9912,821.74,8.4504,
1770840975.0762222,259,RUN,25.7287,35.7138,30.0110,826.57,7.9293,
1770840975.1772077,260,RUN,25.7304,35.5455,30.0085,820.19,8.6483,
1770840975.2800999,261,RUN,25.7323,35.4658,30.0532,821.11,8.7479,
1770840975.3818986,262,RUN,25.7340,35.5701,30.0554,804.87,8.3149,
1770840975.4826386,263,RUN,25.7355,35.7075,30.0478,745.19,7.8148,
1770840975.5853145,264,RUN,25.7368,35.8448,30.0734,776.49,7.1001,
1770840975.6877575,265,RUN,25.7383,35.7429,30.0673,856.14,7.5238,
1770840975.7887905,266,RUN,25.7398,35.7598,30.1186,859.26,7.1857,
1770840975.8915486,267,RUN,25.7412,35.7899,30.0644,886.82,7.3375,
1770840975.9940436,268,RUN,25.7428,35.7125,30.1287,974.82,7.2846,
1770840976.0958269,269,RUN,25.7443,35.7742,30.0665,949.29,7.3715,
1770840976.1967683,270,RUN,25.7458,35.7685,30.0564,903.06,7.4726,
1770840976.2991858,271,RUN,25.7473,35.7767,30.0312,852.82,7.5972,
1770840976.3999488,272,RUN,25.7489,35.7748,30.0111,872.35,7.7065,
1770840976.5021384,273,RUN,25.7506,35.7136,29.9542,833.85,8.2816,
1770840976.604526,274,RUN,25.7520,35.8922,29.8961,664.51,7.5369,
1770840976.7070067,275,RUN,25.7534,35.9057,29.8975,666.99,7.4898,
1770840976.8089662,276,RUN,25.7547,35.7436,29.9582,453.16,7.6482,
1770840976.9108348,277,RUN,25.7559,35.7040,30.0363,362.94,7.4963,
1770840977.0120413,278,RUN,25.7570,35.7310,29.9986,291.39,7.3658,
1770840977.1143374,279,RUN,25.7582,35.7873,30.0700,438.38,7.2314,
1770840977.2166708,280,RUN,25.7596,35.5508,30.1653,441.23,7.9329,
1770840977.3189669,281,RUN,25.7610,35.5199,30.1606,451.71,8.0790,
1770840977.4202135,282,RUN,25.7623,35.4078,30.3196,519.81,7.7961,
1770840977.5231793,283,RUN,25.7637,35.3975,30.3680,490.87,7.6002,
1770840977.6258156,284,RUN,25.7650,35.3135,30.4134,493.35,7.7117,
1770840977.7277057,285,RUN,25.7664,35.2697,30.4141,520.28,7.8817,
1770840977.8294408,286,RUN,25.7678,35.4823,30.3173,573.61,7.4888,
1770840977.9309204,287,RUN,25.7691,35.5670,30.2452,568.93,7.5224,
1770840978.0331137,288,RUN,25.7704,35.7340,30.2105,635.42,6.9856,
1770840978.1353252,289,RUN,25.7716,35.7700,30.1901,588.63,6.9669,
1770840978.2378695,290,RUN,25.7728,35.6919,30.2041,508.00,7.2566,
1770840978.3398435,291,RUN,25.7738,35.8873,30.2072,356.64,6.4732,
1770840978.4418614,292,RUN,25.7747,35.8919,30.2066,338.96,6.4318,
1770840978.543878,293,RUN,25.7758,35.8006,30.2052,357.01,6.8109,
1770840978.6458106,294,RUN,25.7767,35.9095,30.1497,263.25,6.3736,
1770840978.7468126,295,RUN,25.7776,35.9882,30.1641,362.85,6.2010,
1770840978.8485105,296,RUN,25.7783,36.0910,30.0390,226.53,5.8678,
1770840978.9508774,297,RUN,25.7791,36.0897,30.0111,193.85,5.8833,
1770840979.051834,298,RUN,25.7798,36.2045,29.9956,277.80,5.6128,
1770840979.1539414,299,RUN,25.7805,36.4069,29.9524,316.11,4.9986,
1770840979.2553096,300,RUN,25.7811,36.4153,29.9719,324.32,4.9396,
1770840979.3576095,301,RUN,25.7819,36.1334,30.0513,274.54,5.7637,
1770840979.4594674,302,RUN,25.7826,36.0912,30.0401,172.38,5.7917,
1770840979.562021,303,RUN,25.7833,36.0552,29.9863,112.24,5.9505,
1770840979.6644044,304,RUN,25.7841,35.9156,30.0140,62.46,6.3455,
1770840979.7665586,305,RUN,25.7850,35.8747,30.0719,177.37,6.5572,
1770840979.868839,306,RUN,25.7857,35.8092,30.1401,26.90,6.4301,
1770840979.9711013,307,RUN,25.7864,35.8982,30.0967,36.44,6.2015,
1770840980.0719297,308,RUN,25.7872,35.9827,30.0884,187.02,6.1336,
1770840980.175172,309,RUN,25.7880,35.9560,30.1091,168.44,6.1639,
1770840980.2770317,310,RUN,25.7889,35.8479,30.1094,204.30,6.6300,
1770840980.3788278,311,RUN,25.7899,35.7503,30.1918,229.07,6.8658,
1770840980.4810765,312,RUN,25.7910,35.6809,30.1342,222.04,7.2420,
1770840980.5818331,313,RUN,25.7921,35.5707,30.1775,238.97,7.5965,
1770840980.6835222,314,RUN,25.7934,35.5663,30.2021,334.99,7.7123,
1770840980.7858725,315,RUN,25.7944,35.8975,30.1843,361.86,6.5400,
1770840980.8877819,316,RUN,25.7950,35.9503,30.2034,69.99,5.8506,
1770840980.9885101,317,RUN,25.7956,36.0764,30.2260,108.19,5.3857,
1770840981.0910757,318,RUN,25.7963,36.1925,30.1904,217.83,5.1920,
1770840981.1930692,319,RUN,25.7969,36.0708,30.3026,217.68,5.3553,
1770840981.2941425,320,RUN,25.7975,36.0641,30.3834,228.16,4.9543,
1770840981.3968391,321,RUN,25.7981,36.2032,30.3779,225.31,4.4084,
1770840981.4989367,322,RUN,25.7986,36.1370,30.3651,165.94,4.7782,
1770840981.6011174,323,RUN,25.7991,36.1478,30.3669,143.31,4.7357,
1770840981.7029247,324,RUN,25.7996,36.2250,30.3780,192.66,4.3358,
1770840981.8046713,325,RUN,25.8001,36.3217,30.3259,281.03,4.1709,
1770840981.9061344,326,RUN,25.8007,36.3634,30.2551,316.54,4.3562,
1770840982.0090637,327,RUN,25.8013,36.3881,30.1786,334.90,4.6505,
1770840982.1115327,328,RUN,25.8019,36.4946,30.1973,385.46,4.0888,
1770840982.2122834,329,RUN,25.8024,36.5230,30.2138,361.25,3.8956,
1770840982.3144708,330,RUN,25.8031,36.2826,30.2574,479.59,4.6134,
1770840982.4167757,331,RUN,25.8038,36.1666,30.3231,470.81,4.7545,
1770840982.517725,332,RUN,25.8045,36.1055,30.3614,480.50,4.8068,
1770840982.653116,333,RUN,25.8052,36.1555,30.4026,475.76,4.5151,
1770840982.7562978,334,RUN,25.8059,36.1798,30.3819,526.47,4.5163,
1770840982.8585086,335,RUN,25.8067,36.2187,30.3989,580.08,4.3663,
1770840982.9599845,336,RUN,25.8074,36.3332,30.4367,610.39,3.8724,
1770840983.0619135,337,RUN,25.8079,36.4565,30.5088,570.33,3.2104,
1770840983.1628237,338,RUN,25.8085,36.4751,30.4566,488.64,3.2312,
1770840983.265822,339,RUN,25.8090,36.4122,30.4429,461.70,3.4791,
1770840983.3678966,340,RUN,25.8096,36.3593,30.4599,486.98,3.6430,
1770840983.4696903,341,RUN,25.8100,36.3475,30.4907,318.35,3.4973,
1770840983.5705748,342,RUN,25.8105,36.4289,30.3817,321.23,3.4954,
1770840983.6738725,343,RUN,25.8110,36.3852,30.4340,416.24,3.5765,
1770840983.776233,344,RUN,25.8115,36.4691,30.4089,455.05,3.3654,
1770840983.878071,345,RUN,25.8121,36.5451,30.4089,533.95,3.1422,
1770840983.9788616,346,RUN,25.8126,36.6309,30.4492,588.14,2.7603,
1770840984.0818381,347,RUN,25.8132,36.5942,30.4979,644.02,2.8011,
1770840984.1837804,348,RUN,25.8137,36.6698,30.4597,575.29,2.5860,
1770840984.2856019,349,RUN,25.8142,36.5883,30.4869,498.84,2.7610,
1770840984.3880048,350,RUN,25.8147,36.6193,30.4248,482.51,2.8049,
1770840984.488725,351,RUN,25.8152,36.3476,30.5470,372.33,3.3937,
1770840984.590251,352,RUN,25.8157,36.3352,30.5545,405.22,3.4410,
1770840984.6922395,353,RUN,25.8163,36.1563,30.5768,392.92,4.0227,
1770840984.7952402,354,RUN,25.8169,36.2606,30.5539,483.50,3.7649,
1770840984.896242,355,RUN,25.8174,36.1978,30.5509,397.75,3.9469,
1770840984.999063,356,RUN,25.8180,36.1658,30.6232,391.56,3.8682,
1770840985.1004543,357,RUN,25.8184,36.3798,30.5675,373.21,3.2311,
1770840985.2016797,358,RUN,25.8190,36.2711,30.5218,391.36,3.7587,
1770840985.3048306,359,RUN,25.8196,36.0013,30.6623,344.43,4.3328,
1770840985.4073315,360,RUN,25.8202,35.9428,30.6745,332.33,4.5058,
1770840985.5091753,361,RUN,25.8207,35.9876,30.6776,341.16,4.3425,
1770840985.610315,362,RUN,25.8213,35.9453,30.6077,217.67,4.6038,
1770840985.7120116,363,RUN,25.8218,35.9465,30.5938,169.98,4.6072,
1770840985.8144693,364,RUN,25.8223,35.9927,30.6336,184.41,4.3448,
1770840985.9168086,365,RUN,25.8229,35.9156,30.6949,310.75,4.5426,
1770840986.0190003,366,RUN,25.8236,35.7729,30.7436,410.11,4.9946,
1770840986.1209953,367,RUN,25.8244,35.7019,30.7743,457.97,5.2025,
1770840986.2223458,368,RUN,25.8252,35.9025,30.7194,514.03,4.6602,
1770840986.3244936,369,RUN,25.8260,35.8577,30.6797,618.32,4.9963,
1770840986.4254138,370,RUN,25.8268,35.9272,30.7540,596.58,4.5354,
1770840986.5269964,371,RUN,25.8276,35.9292,30.7420,604.75,4.5669,
1770840986.6301572,372,RUN,25.8284,35.8441,30.7987,575.84,4.7078,
1770840986.7323148,373,RUN,25.8292,35.8869,30.7493,611.87,4.7090,
1770840986.8331773,374,RUN,25.8300,35.9320,30.7118,593.00,4.6353,
1770840986.9358318,375,RUN,25.8308,35.9784,30.6983,734.71,4.5960,
1770840987.0379145,376,RUN,25.8316,36.0570,30.6861,566.91,4.2383,
1770840987.139523,377,RUN,25.8323,35.9048,30.6729,512.05,4.7910,
1770840987.2414494,378,RUN,25.8331,35.9227,30.6647,615.12,4.8156,
1770840987.3422253,379,RUN,25.8340,35.9202,30.6665,608.02,4.8172,
1770840987.4441807,380,RUN,25.8346,36.0460,30.7525,422.45,4.0165,
1770840987.546825,381,RUN,25.8352,35.9903,30.7253,423.61,4.2926,
1770840987.6476536,382,RUN,25.8359,35.8553,30.7490,392.87,4.7002,
1770840987.7496307,383,RUN,25.8366,35.7141,30.8005,407.60,5.0853,
1770840987.8521657,384,RUN,25.8374,35.6195,30.8141,362.68,5.3644,
1770840987.954646,385,RUN,25.8383,35.4532,30.8196,362.78,5.9536,
1770840988.056198,386,RUN,25.8390,35.6549,30.6971,249.37,5.4787,
1770840988.1568825,387,RUN,25.8396,35.8317,30.6789,229.00,4.8758,
1770840988.2597811,388,RUN,25.8403,35.5845,30.6297,160.13,5.8588,
1770840988.360378,389,RUN,25.8410,35.5531,30.7198,127.19,5.7133,
1770840988.4620526,390,RUN,25.8416,35.5900,30.6623,0.00,5.6666,
1770840988.5645041,391,RUN,25.8421,35.8078,30.6124,0.00,5.0265,
1770840988.6664083,392,RUN,25.8426,35.8198,30.5743,11.89,5.1730,
1770840988.7683113,393,RUN,25.8431,35.7126,30.5952,0.00,5.5149,
1770840988.869058,394,RUN,25.8437,35.7593,30.5552,50.63,5.5106,
1770840988.972162,395,RUN,25.8443,35.8145,30.4864,25.33,5.6568,
1770840989.0736227,396,RUN,25.8451,35.6297,30.5170,14.05,6.2695,
1770840989.176388,397,RUN,25.8458,35.4955,30.5674,0.00,6.5695,
1770840989.2788968,398,RUN,25.8466,35.5020,30.6641,156.84,6.0783,
1770840989.3806322,399,RUN,25.8474,35.6745,30.6177,275.63,5.6550,
1770840989.4830399,400,RUN,25.8481,35.6714,30.5516,236.74,5.8231,
1770840989.5841117,401,RUN,25.8488,35.7488,30.5465,184.69,5.5534,
1770840989.6870706,402,RUN,25.8497,35.5821,30.5109,114.33,6.4661,
1770840989.788784,403,RUN,25.8505,35.6033,30.5258,185.27,6.2704,
1770840989.8911011,404,RUN,25.8511,35.8771,30.5165,128.19,5.2098,
1770840989.9919176,405,RUN,25.8514,36.1952,30.4476,0.00,4.3098,
1770840990.0939534,406,RUN,25.8519,36.2643,30.3878,106.00,4.2921,
1770840990.1959467,407,RUN,25.8524,36.1038,30.4523,138.88,4.6051,
1770840990.2986832,408,RUN,25.8529,36.0866,30.4073,180.79,4.8966,
1770840990.4007797,409,RUN,25.8536,36.0642,30.3784,225.55,5.1231,
1770840990.5026932,410,RUN,25.8541,36.2231,30.3510,135.73,4.6494,
1770840990.605073,411,RUN,25.8545,36.2914,30.3553,161.89,4.3324,
1770840990.7068377,412,RUN,25.8551,36.2256,30.3566,207.54,4.5797,
1770840990.8093429,413,RUN,25.8556,36.2286,30.4342,309.70,4.1791,
1770840990.9109027,414,RUN,25.8562,36.0442,30.5184,267.22,4.5971,
1770840991.012862,415,RUN,25.8566,36.2360,30.5218,234.25,3.8740,
1770840991.114192,416,RUN,25.8570,36.1154,30.5132,109.49,4.2609,
1770840991.216581,417,RUN,25.8575,36.0136,30.5891,45.74,4.3817,
1770840991.3181655,418,RUN,25.8579,35.9737,30.5528,0.00,4.6915,
1770840991.4201548,419,RUN,25.8584,36.0264,30.5509,139.17,4.4986,
1770840991.5222046,420,RUN,25.8589,35.9034,30.6008,146.96,4.8169,
1770840991.623438,421,RUN,25.8594,35.9322,30.5785,143.00,4.7707,
1770840991.7256255,422,RUN,25.8600,35.9008,30.5367,195.97,5.0308,
1770840991.8263986,423,RUN,25.8608,35.7409,30.5663,318.92,5.6106,
1770840991.9294028,424,RUN,25.8616,35.8294,30.5476,348.77,5.3611,
1770840992.031094,425,RUN,25.8624,35.6415,30.5488,300.79,6.0092,
1770840992.1318986,426,RUN,25.8633,35.4963,30.5669,283.35,6.4866,
1770840992.2335699,427,RUN,25.8642,35.5751,30.4584,122.22,6.8050,
1770840992.3366024,428,RUN,25.8650,35.6974,30.4614,142.25,6.2744,
1770840992.4382694,429,RUN,25.8660,35.6029,30.4603,302.53,6.6041,
1770840992.5400684,430,RUN,25.8669,35.6345,30.4688,267.41,6.4462,
1770840992.642171,431,RUN,25.8679,35.6865,30.3623,288.02,6.7844,
1770840992.7444718,432,RUN,25.8688,35.8947,30.2835,235.11,6.3215,
1770840992.8452497,433,RUN,25.8695,36.1441,30.2353,239.39,5.4877,
1770840992.9465687,434,RUN,25.8702,36.1454,30.2660,299.69,5.3873,
1770840993.0495224,435,RUN,25.8710,36.0855,30.1419,219.98,5.8804,
1770840993.1514745,436,RUN,25.8716,36.2769,30.0030,192.18,5.4084,
1770840993.2540839,437,RUN,25.8723,36.1902,30.0433,138.17,5.5700,
1770840993.3564956,438,RUN,25.8730,36.2561,30.0715,285.07,5.4888,
1770840993.459159,439,RUN,25.8737,36.0719,30.0903,166.26,5.9650,
1770840993.560935,440,RUN,25.8744,36.0777,30.0523,121.40,5.9561,
1770840993.6622221,441,RUN,25.8752,36.0271,29.9742,139.71,6.3431,
1770840993.7651317,442,RUN,25.8760,35.9806,29.9888,12.59,6.2935,
1770840993.8668902,443,RUN,25.8766,36.0687,30.0259,0.00,5.8636,
1770840993.9676507,444,RUN,25.8773,36.0099,30.0697,21.61,6.0284,
1770840994.0702868,445,RUN,25.8780,35.9041,30.1627,59.09,6.2916,
1770840994.1720312,446,RUN,25.8787,35.9061,30.2983,41.99,5.9724,
1770840994.273245,447,RUN,25.8793,35.9645,30.3196,77.11,5.7617,
1770840994.3757792,448,RUN,25.8801,36.0312,30.2680,261.89,5.8925,
1770840994.4779658,449,RUN,25.8810,36.0808,30.2314,335.17,5.8488,
1770840994.5793924,450,RUN,25.8817,36.2170,30.2188,380.15,5.3321,
1770840994.6806097,451,RUN,25.8826,36.1339,30.2364,533.19,5.5185,
1770840994.7835639,452,RUN,25.8834,36.2021,30.2176,492.62,5.3544,
1770840994.885938,453,RUN,25.8843,36.1337,30.2049,462.39,5.7209,
1770840994.987852,454,RUN,25.8852,36.2734,30.1182,531.35,5.5691,
1770840995.0896938,455,RUN,25.8861,36.1298,30.1371,441.19,6.1005,
1770840995.1921005,456,RUN,25.8870,36.1909,30.1994,517.96,5.4946,
1770840995.2942026,457,RUN,25.8878,36.2900,30.2408,550.35,4.8525,
1770840995.3958812,458,RUN,25.8886,36.2354,30.2396,579.51,5.0749,
1770840995.4968781,459,RUN,25.8895,36.0802,30.2485,602.81,5.6644,
1770840995.5989127,460,RUN,25.8903,36.0581,30.3098,373.45,5.5374,
1770840995.7018826,461,RUN,25.8910,36.0749,30.3015,233.28,5.5751,
1770840995.8032541,462,RUN,25.8917,35.9730,30.3640,146.35,5.7096,
1770840995.9053104,463,RUN,25.8925,35.8376,30.3182,92.60,6.3006,
1770840996.0073946,464,RUN,25.8931,36.0659,30.2911,129.58,5.5521,
1770840996.1089373,465,RUN,25.8938,36.0008,30.3842,177.79,5.4791,
1770840996.2110894,466,RUN,25.8945,35.8628,30.4129,65.00,5.9521,
1770840996.3125858,467,RUN,25.8951,35.9213,30.3967,48.68,5.7554,
1770840996.414883,468,RUN,25.8958,35.9336,30.3677,104.25,5.8578,
1770840996.517087,469,RUN,25.8966,35.8492,30.4003,103.55,6.0631,
1770840996.618898,470,RUN,25.8973,36.0082,30.3794,281.93,5.4359,
1770840996.7201903,471,RUN,25.8980,36.0114,30.4424,391.36,5.0951,
1770840996.8218381,472,RUN,25.8988,35.8368,30.5539,471.00,5.4835,
1770840996.923413,473,RUN,25.8997,35.8564,30.5553,453.62,5.3997,
1770840997.0260434,474,RUN,25.9006,35.8424,30.5748,565.72,5.4723,
1770840997.1274338,475,RUN,25.9016,35.7863,30.5292,631.67,5.8407,
1770840997.229811,476,RUN,25.9026,35.8034,30.5620,691.31,5.7324,
1770840997.331474,477,RUN,25.9035,36.0066,30.5155,621.86,5.0782,
1770840997.434163,478,RUN,25.9043,36.0460,30.5274,615.18,4.9022,
1770840997.5364525,479,RUN,25.9052,36.0135,30.3796,515.39,5.3505,
1770840997.6390307,480,RUN,25.9059,36.1973,30.3463,544.24,4.7942,
1770840997.740554,481,RUN,25.9067,36.1108,30.4183,532.72,4.9103,
1770840997.8428218,482,RUN,25.9075,36.0813,30.5346,654.03,4.7876,
1770840997.9440265,483,RUN,25.9084,36.0426,30.5049,627.99,4.9916,
1770840998.045754,484,RUN,25.9093,35.8793,30.4996,596.37,5.5785,
1770840998.147867,485,RUN,25.9104,35.9066,30.4939,780.34,5.6148,
1770840998.2488246,486,RUN,25.9115,35.7404,30.5832,808.92,5.9999,
1770840998.35144,487,RUN,25.9127,35.7049,30.5470,740.62,6.1838,
1770840998.4526863,488,RUN,25.9137,35.8120,30.5964,743.84,5.6693,
1770840998.5552495,489,RUN,25.9146,36.0378,30.5284,629.67,4.9622,
1770840998.6562045,490,RUN,25.9155,36.0518,30.5339,719.68,4.9569,
1770840998.7588573,491,RUN,25.9164,36.1507,30.4208,704.42,4.8917,
1770840998.861113,492,RUN,25.9172,36.0968,30.5256,587.84,4.7355,
1770840998.9632013,493,RUN,25.9180,35.9788,30.6109,623.84,4.9608,
1770840999.065646,494,RUN,25.9189,35.8939,30.6167,650.24,5.2718,
1770840999.1675775,495,RUN,25.9198,36.0884,30.5762,720.48,4.7226,
1770840999.2698753,496,RUN,25.9206,36.1475,30.5926,734.78,4.4761,
1770840999.371799,497,RUN,25.9214,36.2585,30.5915,684.98,4.0474,
1770840999.4738615,498,RUN,25.9221,36.2207,30.5738,596.66,4.1766,
1770840999.5757205,499,RUN,25.9228,36.4041,30.5163,653.62,3.7040,
1770840999.678219,500,RUN,25.9235,36.2700,30.4880,603.65,4.2340,
1770840999.7801561,501,RUN,25.9243,36.2002,30.5045,586.71,4.4335,
1770840999.8827176,502,RUN,25.9251,36.0567,30.3991,583.26,5.2325,
1770840999.9845665,503,RUN,25.9260,35.9928,30.4057,588.69,5.4518,
1770841000.0866754,504,RUN,25.9267,36.1182,30.4505,428.90,4.7788,
1770841000.1875374,505,RUN,25.9275,35.9558,30.4610,371.71,5.3036,
1770841000.2894657,506,RUN,25.9280,36.1044,30.4453,216.94,4.7964,
1770841000.392105,507,RUN,25.9286,36.2993,30.3078,198.21,4.7211,
1770841000.4939058,508,RUN,25.9293,36.2019,30.2866,284.52,5.2005,
1770841000.5958652,509,RUN,25.9299,36.1174,30.2781,113.75,5.4474,
1770841000.6966164,510,RUN,25.9306,36.0087,30.3058,138.50,5.8400,
1770841000.798454,511,RUN,25.9313,36.1894,30.2476,299.20,5.4562,
1770841000.9004436,512,RUN,25.9319,36.2313,30.2850,164.21,5.0841,
1770841001.002448,513,RUN,25.9325,36.0718,30.3609,143.34,5.4201,
1770841001.10548,514,RUN,25.9333,35.9267,30.3727,134.94,5.9656,
1770841001.2072957,515,RUN,25.9339,35.9752,30.3609,0.00,5.6443,
1770841001.3091335,516,RUN,25.9343,36.1385,30.3884,31.64,5.0175,
1770841001.4100916,517,RUN,25.9348,36.1847,30.3522,0.00,4.8713,
1770841001.5115542,518,RUN,25.9352,36.3004,30.2834,0.00,4.5799,
1770841001.6129503,519,RUN,25.9356,36.3209,30.3220,64.73,4.5216,
1770841001.7158782,520,RUN,25.9360,36.4230,30.3024,75.92,4.1949,
1770841001.817914,521,RUN,25.9363,36.4916,30.2451,0.71,3.9410,
1770841001.9200041,522,RUN,25.9367,36.4526,30.1869,13.67,4.2329,
1770841002.0209417,523,RUN,25.9370,36.5212,30.1075,15.68,4.1449,
1770841002.1223767,524,RUN,25.9373,36.6649,30.1246,14.65,3.5635,
1770841002.2250698,525,RUN,25.9376,36.5927,30.0615,17.00,3.9750,
1770841002.3274727,526,RUN,25.9381,36.5405,29.9508,44.66,4.4508,
1770841002.4291863,527,RUN,25.9384,36.6373,29.9431,88.67,4.1696,
1770841002.5308914,528,RUN,25.9387,36.8522,29.9371,0.00,3.2319,
1770841002.632896,529,RUN,25.9389,36.8741,29.9843,0.00,3.0497,
1770841002.7351935,530,RUN,25.9391,36.9313,29.9150,0.00,2.9801,
1770841002.8372724,531,RUN,25.9393,36.9164,29.8785,30.24,3.1611,
1770841002.939418,532,RUN,25.9396,36.7488,29.8945,49.33,3.7922,
1770841003.0419152,533,RUN,25.9400,36.6574,29.8411,44.93,4.2453,
1770841003.1426606,534,RUN,25.9403,36.6370,29.9044,0.00,4.1204,
1770841003.2450728,535,RUN,25.9407,36.5952,29.9723,40.65,4.1985,
1770841003.3464758,536,RUN,25.9411,36.5585,29.9614,9.94,4.3138,
1770841003.4484766,537,RUN,25.9414,36.5561,29.9488,6.54,4.3452,
1770841003.5514133,538,RUN,25.9420,36.2850,29.9149,49.11,5.5109,
1770841003.6537983,539,RUN,25.9426,36.4259,29.8260,75.03,5.2068,
1770841003.7555666,540,RUN,25.9432,36.3311,29.8549,78.75,5.5116,
1770841003.856917,541,RUN,25.9439,36.1854,29.9137,94.15,5.9644,
1770841003.9591088,542,RUN,25.9447,36.2637,29.7965,221.38,6.1144,
1770841004.0611365,543,RUN,25.9453,36.2819,29.8503,123.79,5.7821,
1770841004.1636121,544,RUN,25.9460,36.2478,29.8576,122.43,5.8953,
1770841004.2658083,545,RUN,25.9467,36.0652,29.9119,0.00,6.2849,
1770841004.3679147,546,RUN,25.9473,36.2207,29.9123,0.00,5.6964,
1770841004.4697711,547,RUN,25.9480,36.1386,29.9374,0.00,5.9558,
1770841004.5719442,548,RUN,25.9486,36.1950,29.8628,4.28,5.9081,
1770841004.6738596,549,RUN,25.9492,36.2343,29.9213,0.00,5.6305,
1770841004.776146,550,RUN,25.9499,36.2337,29.8960,101.83,5.8450,
1770841004.8780148,551,RUN,25.9504,36.4027,29.8767,82.91,5.2181,
1770841004.9801044,552,RUN,25.9510,36.2789,29.8961,0.00,5.5188,
1770841005.0818954,553,RUN,25.9516,36.4698,29.9026,190.96,5.0788,
1770841005.18406,554,RUN,25.9523,36.4060,29.8974,334.82,5.5553,
1770841005.2862105,555,RUN,25.9531,36.4330,29.8626,352.74,5.5561,
1770841005.3888078,556,RUN,25.9538,36.4122,29.8767,296.84,5.5204,
1770841005.4911828,557,RUN,25.9546,36.4142,29.7968,307.65,5.7004,
1770841005.593127,558,RUN,25.9554,36.2640,29.7854,178.45,6.0958,
1770841005.695438,559,RUN,25.9561,36.2602,29.8037,120.37,5.9836,
1770841005.796748,560,RUN,25.9567,36.3259,29.7286,38.33,5.7685,
1770841005.8979704,561,RUN,25.9573,36.2087,29.7900,0.00,6.0245,
1770841006.0002258,562,RUN,25.9580,36.2472,29.7631,19.84,5.9680,
1770841006.102158,563,RUN,25.9585,36.3811,29.8068,0.00,5.3390,
1770841006.205488,564,RUN,25.9590,36.5520,29.7377,0.00,4.8393,
1770841006.306369,565,RUN,25.9596,36.2900,29.7582,0.00,5.7892,
1770841006.408369,566,RUN,25.9601,36.4648,29.6713,16.29,5.3380,
1770841006.5103722,567,RUN,25.9605,36.7291,29.6466,27.60,4.4079,
1770841006.612858,568,RUN,25.9609,36.8327,29.6585,179.84,4.2265,
1770841006.715185,569,RUN,25.9614,36.8765,29.6715,261.83,4.1609,
1770841006.8160872,570,RUN,25.9618,36.7510,29.6424,79.77,4.4173,
1770841006.917867,571,RUN,25.9622,36.7085,29.6368,0.00,4.4679,
1770841007.0206172,572,RUN,25.9626,36.6611,29.6076,0.00,4.7105,
1770841007.1221938,573,RUN,25.9630,36.8805,29.5407,83.79,4.1514,
1770841007.2246692,574,RUN,25.9635,36.8431,29.5075,237.62,4.6023,
1770841007.3268158,575,RUN,25.9640,36.8658,29.5124,162.38,4.3906,
1770841007.427787,576,RUN,25.9644,36.8749,29.5161,165.38,4.3543,
1770841007.5303788,577,RUN,25.9648,37.0213,29.5145,148.23,3.7775,
1770841007.656961,578,RUN,25.9652,37.2103,29.4887,221.40,3.2301,
1770841007.7769425,579,RUN,25.9655,37.1773,29.4792,155.82,3.2747,
1770841007.878976,580,RUN,25.9659,37.1831,29.4598,274.01,3.4773,
1770841007.9808614,581,RUN,25.9663,37.3238,29.3942,327.71,3.1675,
1770841008.0831676,582,RUN,25.9666,37.4023,29.3654,352.82,2.9708,
1770841008.1851668,583,RUN,25.9670,37.4177,29.4100,290.85,2.7232,
1770841008.2872088,584,RUN,25.9673,37.3017,29.3772,245.60,3.1629,
1770841008.3888204,585,RUN,25.9679,37.1007,29.4086,382.40,4.0699,
1770841008.4909806,586,RUN,25.9683,37.2564,29.3571,388.03,3.5994,
1770841008.5918357,587,RUN,25.9687,37.3695,29.3182,337.63,3.1766,
1770841008.694522,588,RUN,25.9691,37.5229,29.2656,326.08,2.6899,
1770841008.7958987,589,RUN,25.9695,37.1729,29.3077,252.66,3.8137,
1770841008.8975246,590,RUN,25.9699,37.3249,29.2851,258.42,3.2956,
1770841008.9999287,591,RUN,25.9703,37.2827,29.3705,347.98,3.4143,
1770841009.1020741,592,RUN,25.9707,37.4459,29.3031,364.84,2.9658,
1770841009.2041261,593,RUN,25.9711,37.4216,29.3762,429.57,3.0039,
1770841009.3052235,594,RUN,25.9715,37.3852,29.2544,350.90,3.2790,
1770841009.4074178,595,RUN,25.9719,37.5559,29.3151,439.63,2.6422,
1770841009.509497,596,RUN,25.9723,37.7560,29.3301,520.87,1.9789,
1770841009.6115644,597,RUN,25.9727,37.7758,29.3297,542.78,1.8586,
1770841009.713596,598,RUN,25.9731,37.7979,29.2371,516.73,1.7277,
1770841009.815642,599,RUN,25.9734,37.8354,29.2297,471.65,1.5505,
1770841009.9173446,600,RUN,25.9738,37.8527,29.2277,507.04,1.4287,
1770841010.0190766,601,RUN,25.9741,37.9884,29.2073,514.43,0.6603,
1770841010.1208618,602,RUN,25.9745,37.9871,29.2311,514.39,0.6762,
1770841010.2235003,603,RUN,25.9747,38.1367,29.2791,358.16,0.0000,
1770841010.3255897,604,RUN,25.9749,38.1237,29.2928,357.59,0.0681,
1770841010.426772,605,RUN,25.9752,38.0456,29.2697,410.74,0.4411,
1770841010.528693,606,RUN,25.9755,38.1289,29.2939,389.88,0.0000,
1770841010.6311255,607,RUN,25.9758,38.0721,29.3324,487.61,0.2578,
1770841010.7318294,608,RUN,25.9761,38.0011,29.2884,541.52,0.6020,
1770841010.8348053,609,RUN,25.9764,38.0311,29.3664,471.43,0.5115,
1770841010.937252,610,RUN,25.9768,38.1128,29.4037,476.02,0.0645,
1770841011.0381386,611,RUN,25.9771,38.1017,29.4244,522.31,0.0997,
1770841011.1406758,612,RUN,25.9774,37.9993,29.4354,501.62,0.6910,
1770841011.2421849,613,RUN,25.9777,38.0025,29.3904,454.63,0.6954,
1770841011.3444724,614,RUN,25.9780,38.1062,29.4343,334.84,0.1713,
1770841011.4461942,615,RUN,25.9782,38.1479,29.3325,337.46,0.0000,
1770841011.548074,616,RUN,25.9784,38.1319,29.3132,390.37,0.0000,
1770841011.6500401,617,RUN,25.9787,38.0877,29.3248,366.42,0.2688,
1770841011.7520494,618,RUN,25.9789,38.1159,29.3485,311.07,0.2014,
1770841011.8540418,619,RUN,25.9791,38.1504,29.4007,342.54,0.0000,
1770841011.9560099,620,RUN,25.9793,37.9746,29.4335,255.77,0.5650,
1770841012.0584772,621,RUN,25.9795,37.9330,29.4847,278.96,0.6279,
1770841012.1601017,622,RUN,25.9798,37.9994,29.4743,333.24,0.4796,
1770841012.262363,623,RUN,25.9801,38.0807,29.4860,403.00,0.2549,
1770841012.3645616,624,RUN,25.9803,38.1391,29.4552,307.45,0.0000,
1770841012.4653387,625,RUN,25.9805,38.0096,29.3638,365.83,0.7236,
1770841012.567901,626,RUN,25.9807,37.8412,29.4351,235.75,1.0135,
1770841012.6695766,627,RUN,25.9809,37.7793,29.5062,199.20,1.0541,
1770841012.77171,628,RUN,25.9811,37.9646,29.4058,220.54,0.6287,
1770841012.8738892,629,RUN,25.9812,37.8667,29.4158,95.64,0.8458,
1770841012.9758105,630,RUN,25.9812,37.9551,29.4670,32.99,0.3910,
1770841013.0778956,631,RUN,25.9813,38.0786,29.3592,11.68,0.1584,
1770841013.1799252,632,RUN,25.9814,38.1769,29.2816,47.92,0.0000,
1770841013.2808883,633,RUN,25.9814,38.0725,29.2279,3.55,0.4285,
1770841013.3835943,634,RUN,25.9814,37.9828,29.2580,0.00,0.6762,
1770841013.4860318,635,RUN,25.9815,37.9991,29.2000,2.59,0.7351,
1770841013.5880995,636,RUN,25.9816,38.1112,29.1765,37.43,0.4229,
1770841013.6899283,637,RUN,25.9816,38.2220,29.2020,81.57,0.0000,
1770841013.791737,638,RUN,25.9817,38.1772,29.2615,0.00,0.0000,
1770841013.8941226,639,RUN,25.9817,38.1483,29.3127,0.00,0.0000,
1770841013.9960933,640,RUN,25.9818,38.1986,29.2581,82.15,0.0000,
1770841014.0981636,641,RUN,25.9819,38.1657,29.3145,77.74,0.0000,
1770841014.1999686,642,RUN,25.9819,38.0633,29.2853,0.00,0.3465,
1770841014.301051,643,RUN,25.9820,38.0896,29.3220,0.00,0.1851,
1770841014.4033077,644,RUN,25.9821,38.1920,29.2788,103.48,0.0000,
1770841014.5051887,645,RUN,25.9822,38.1461,29.3590,100.82,0.0000,
1770841014.607285,646,RUN,25.9822,38.1502,29.3252,36.69,0.0000,
1770841014.7091348,647,RUN,25.9823,38.1390,29.3299,0.00,0.0000,
1770841014.8109257,648,RUN,25.9823,38.1497,29.3109,0.00,0.0000,
1770841014.9116702,649,RUN,25.9824,37.9431,29.2655,0.00,0.8004,
1770841015.0140085,650,RUN,25.9824,38.1524,29.2683,19.63,0.0898,
1770841015.1158574,651,RUN,25.9825,38.2010,29.2356,36.85,0.0000,
1770841015.2175953,652,RUN,25.9825,38.1668,29.2810,0.00,0.0000,
1770841015.3198576,653,RUN,25.9826,38.1864,29.2517,13.15,0.0000,
1770841015.4213734,654,RUN,25.9826,38.1910,29.2381,0.00,0.0000,
1770841015.5239475,655,RUN,25.9827,38.1818,29.2624,19.07,0.0000,
1770841015.6258075,656,RUN,25.9828,38.2090,29.2409,82.79,0.0000,
1770841015.7278924,657,RUN,25.9829,38.0227,29.2255,91.17,0.6786,
1770841015.8293464,658,RUN,25.9830,38.1990,29.1585,152.76,0.0000,
1770841015.9306078,659,RUN,25.9832,38.1210,29.1694,278.76,0.1955,
1770841016.032899,660,RUN,25.9833,38.1327,29.1779,233.93,0.2079,
1770841016.1337247,661,RUN,25.9835,38.1752,29.1653,171.05,0.0919,
1770841016.2363882,662,RUN,25.9836,38.2134,29.1752,109.67,0.0000,
1770841016.338204,663,RUN,25.9837,38.1558,29.1072,140.93,0.2181,
1770841016.4404476,664,RUN,25.9839,38.1256,29.1188,218.15,0.2533,
1770841016.542436,665,RUN,25.9840,38.1268,29.1384,242.45,0.2167,
1770841016.6445181,666,RUN,25.9843,38.1143,29.1119,419.58,0.0359,
1770841016.7466927,667,RUN,25.9846,38.0900,29.0786,454.31,0.1366,
1770841016.8473892,668,RUN,25.9849,38.0812,29.0083,544.12,0.0989,
1770841016.9502835,669,RUN,25.9853,38.0210,28.9528,639.22,0.3492,
1770841017.0515432,670,RUN,25.9858,37.9517,28.8896,781.40,0.6127,
1770841017.153598,671,RUN,25.9863,37.9238,28.8890,908.61,0.6765,
1770841017.2545774,672,RUN,25.9868,37.8893,28.8876,855.79,0.9092,
1770841017.3565857,673,RUN,25.9873,37.9474,28.9115,856.96,0.5932,
1770841017.4579744,674,RUN,25.9878,38.0444,28.9180,851.38,0.0598,
1770841017.5606413,675,RUN,25.9883,38.0454,28.8444,896.59,0.0000,
1770841017.6632001,676,RUN,25.9888,37.9576,28.8546,858.35,0.5233,
1770841017.7651834,677,RUN,25.9893,37.9781,28.8300,911.11,0.3645,
1770841017.8660953,678,RUN,25.9899,38.0041,28.8357,970.05,0.1795,
1770841017.9691734,679,RUN,25.9904,37.9966,28.8855,890.56,0.2973,
1770841018.0711749,680,RUN,25.9910,37.8552,28.9316,943.36,1.0639,
1770841018.1729991,681,RUN,25.9915,37.9393,28.8934,833.03,0.6662,
1770841018.2756329,682,RUN,25.9920,37.9288,28.9265,872.86,0.7071,
1770841018.3778744,683,RUN,25.9925,38.0057,28.8703,934.21,0.2172,
1770841018.4798896,684,RUN,25.9932,37.9527,28.9283,1162.81,0.3638,
1770841018.5812154,685,RUN,25.9938,38.0252,28.9574,1123.38,0.0000,
1770841018.6824195,686,RUN,25.9944,38.0355,28.9273,1035.95,0.0000,
1770841018.7842467,687,RUN,25.9950,38.0105,29.0134,1057.77,0.1519,
1770841018.887226,688,RUN,25.9957,37.9428,28.9980,1043.94,0.5377,
1770841018.9879003,689,RUN,25.9963,37.9515,28.9963,1086.40,0.4593,
1770841019.0906005,690,RUN,25.9968,38.0482,28.9792,973.85,0.0000,
1770841019.1929233,691,RUN,25.9974,38.0472,28.9662,978.37,0.0000,
1770841019.2946608,692,RUN,25.9980,38.0469,28.9644,982.67,0.0000,
1770841019.3962083,693,RUN,25.9986,38.0128,28.9187,1015.25,0.1548,
1770841019.4977498,694,RUN,25.9992,37.9350,28.8610,1027.92,0.5638,
1770841019.6000884,695,RUN,25.9997,37.9721,28.8998,1020.30,0.3766,
1770841019.7010486,696,RUN,26.0004,37.9518,28.8684,1057.73,0.4546,
1770841019.8040116,697,RUN,26.0010,37.8939,28.8998,1068.28,0.7821,
1770841019.905894,698,RUN,26.0016,37.8189,28.9046,1131.05,1.1305,
1770841020.007915,699,RUN,26.0023,37.7175,28.8643,986.40,1.7479,
1770841020.1098142,700,RUN,26.0028,37.8003,28.8772,849.24,1.4623,
1770841020.2104635,701,RUN,26.0033,37.8432,28.9158,826.87,1.2575,
1770841020.313146,702,RUN,26.0037,37.9156,28.9858,743.08,0.9383,
1770841020.4148257,703,RUN,26.0042,37.8768,28.9964,774.32,1.1368,
1770841020.5159843,704,RUN,26.0047,37.8425,29.0420,790.21,1.3325,
1770841020.6189234,705,RUN,26.0052,37.8337,29.0290,795.22,1.3756,
1770841020.721085,706,RUN,26.0058,37.7867,29.0397,857.03,1.5976,
1770841020.8234158,707,RUN,26.0063,37.7909,29.0420,792.30,1.6247,
1770841020.9250603,708,RUN,26.0069,37.6310,29.0406,807.75,2.5073,
1770841021.0260608,709,RUN,26.0075,37.5421,29.0144,841.53,2.9347,
1770841021.128308,710,RUN,26.0082,37.5396,29.0193,1028.56,2.7835,
1770841021.2311199,711,RUN,26.0089,37.5818,29.0355,964.66,2.6429,
1770841021.3321056,712,RUN,26.0096,37.5475,29.0479,1032.36,2.7705,
1770841021.434116,713,RUN,26.0103,37.5850,29.1109,1024.76,2.6376,
1770841021.5361562,714,RUN,26.0111,37.6403,29.2461,1056.30,2.3498,
1770841021.6393893,715,RUN,26.0118,37.5817,29.2114,980.89,2.7245,
1770841021.740955,716,RUN,26.0125,37.5844,29.1931,991.08,2.6991,
1770841021.8441446,717,RUN,26.0131,37.6729,29.2297,923.34,2.2688,
1770841021.9452698,718,RUN,26.0138,37.6437,29.2409,971.41,2.4018,
1770841022.047713,719,RUN,26.0144,37.6881,29.2005,1025.61,2.1043,
1770841022.1486204,720,RUN,26.0151,37.6038,29.1744,950.10,2.6248,
1770841022.251894,721,RUN,26.0159,37.5103,29.2061,998.50,3.1236,
1770841022.35443,722,RUN,26.0165,37.5895,29.3467,861.76,2.8283,
1770841022.4554536,723,RUN,26.0171,37.6744,29.3159,793.69,2.3973,
1770841022.5586286,724,RUN,26.0176,37.6629,29.3009,696.36,2.5313,
1770841022.6600187,725,RUN,26.0182,37.6219,29.3035,734.85,2.7344,
1770841022.7620275,726,RUN,26.0189,37.4348,29.3336,704.97,3.5828,
1770841022.8634548,727,RUN,26.0194,37.4737,29.3453,555.98,3.1819,
1770841022.9652612,728,RUN,26.0199,37.5361,29.2583,557.36,3.1332,
1770841023.0664992,729,RUN,26.0205,37.5110,29.2349,718.24,3.3527,
1770841023.168115,730,RUN,26.0210,37.5949,29.2712,643.75,2.9531,
1770841023.2711034,731,RUN,26.0215,37.7265,29.2730,657.59,2.2106,
1770841023.3729239,732,RUN,26.0220,37.7416,29.2640,658.72,2.1245,
1770841023.4743545,733,RUN,26.0225,37.7581,29.2234,615.55,2.0538,
1770841023.5771987,734,RUN,26.0230,37.6748,29.2279,663.94,2.4861,
1770841023.6784782,735,RUN,26.0235,37.6478,29.2132,627.44,2.6612,
1770841023.7807548,736,RUN,26.0240,37.5977,29.2437,592.71,2.9773,
1770841023.8818996,737,RUN,26.0246,37.4297,29.2927,696.04,3.6887,
1770841023.9853125,738,RUN,26.0253,37.4536,29.2494,697.16,3.6932,
1770841024.08738,739,RUN,26.0258,37.5702,29.2445,645.21,3.0989,
1770841024.1891756,740,RUN,26.0264,37.5560,29.2491,583.75,3.1333,
1770841024.2913067,741,RUN,26.0269,37.5179,29.2094,495.77,3.2271,
1770841024.3928845,742,RUN,26.0275,37.3021,29.2170,542.12,4.1014,
1770841024.49428,743,RUN,26.0281,37.4243,29.2308,580.92,3.6704,
1770841024.5972998,744,RUN,26.0287,37.5233,29.1665,707.55,3.3010,
1770841024.6989,745,RUN,26.0293,37.5277,29.1143,704.42,3.2649,
1770841024.8011005,746,RUN,26.0299,37.4352,29.0692,680.02,3.7567,
1770841024.90292,747,RUN,26.0305,37.3567,29.0289,568.53,4.1337,
1770841025.004696,748,RUN,26.0311,37.5079,29.0535,518.89,3.5008,
1770841025.105791,749,RUN,26.0316,37.4153,29.0162,514.51,3.9671,
1770841025.2073705,750,RUN,26.0323,37.2649,28.9644,507.75,4.2372,
1770841025.3093977,751,RUN,26.0328,37.2804,28.8453,590.45,3.7642,
1770841025.4111927,752,RUN,26.0335,37.1252,28.8619,610.19,4.1980,
1770841025.5141678,753,RUN,26.0340,37.3473,28.8895,420.00,3.8841,
1770841025.6156876,754,RUN,26.0345,37.2874,28.8964,404.41,4.0751,
1770841025.7185514,755,RUN,26.0351,37.3493,28.9359,453.08,3.9894,
1770841025.821,756,RUN,26.0356,37.1911,28.8436,416.64,4.1560,
1770841025.9236236,757,RUN,26.0363,36.9696,28.7890,467.15,4.5193,
1770841026.0246449,758,RUN,26.0367,37.2811,28.7954,222.04,4.0081,
1770841026.126922,759,RUN,26.0370,37.5809,28.8897,178.32,3.2144,
1770841026.2294984,760,RUN,26.0373,37.4263,28.9514,179.39,3.6564,
1770841026.3314576,761,RUN,26.0377,37.3954,28.9653,216.07,3.8016,
1770841026.4332979,762,RUN,26.0383,37.3140,29.0002,398.27,4.1900,
1770841026.5353193,763,RUN,26.0389,37.0622,28.9212,434.00,4.6466,
1770841026.637082,764,RUN,26.0396,36.8695,28.9813,399.87,5.1126,
1770841026.7395606,765,RUN,26.0403,37.0742,29.0277,605.67,4.8126,
1770841026.8419294,766,RUN,26.0410,37.1418,29.0023,581.18,4.6165,
1770841026.943939,767,RUN,26.0416,37.1669,28.9578,360.17,4.4426,
1770841027.0452275,768,RUN,26.0423,36.8051,28.9763,320.71,5.2168,
1770841027.1477685,769,RUN,26.0430,36.7753,28.9769,423.99,5.3213,
1770841027.249556,770,RUN,26.0439,36.5442,29.0183,446.33,5.8689,
1770841027.3512843,771,RUN,26.0448,36.4843,29.0211,486.02,6.0154,
1770841027.4535387,772,RUN,26.0459,36.0614,29.0066,518.42,6.9091,
1770841027.5551157,773,RUN,26.0471,35.8235,28.9931,551.98,7.4123,
1770841027.65781,774,RUN,26.0482,36.3053,29.0501,552.92,6.4589,
1770841027.7599072,775,RUN,26.0492,36.0106,29.0760,375.36,7.0469,
1770841027.860772,776,RUN,26.0503,36.2006,29.0844,455.33,6.6860,
1770841027.9627793,777,RUN,26.0513,36.1690,29.0068,476.19,6.6726,
1770841028.0651581,778,RUN,26.0526,35.6353,28.9822,482.97,7.7796,
1770841028.1660326,779,RUN,26.0540,35.5150,29.0240,566.93,8.1171,
1770841028.2675498,780,RUN,26.0553,35.9413,29.0979,551.72,7.2952,
1770841028.3698797,781,RUN,26.0564,36.1317,29.0885,616.66,6.9073,
1770841028.4720757,782,RUN,26.0577,35.8342,29.0797,561.32,7.5081,
1770841028.5739026,783,RUN,26.0591,35.7477,29.1172,613.44,7.7568,
1770841028.6758006,784,RUN,26.0603,35.9741,29.1153,629.24,7.2827,
1770841028.7771847,785,RUN,26.0616,35.8562,29.0060,641.25,7.4123,
1770841028.8798766,786,RUN,26.0632,35.6167,29.0664,766.96,8.0403,
1770841028.9819133,787,RUN,26.0647,35.4947,29.0165,738.78,8.2324,
1770841029.0848298,788,RUN,26.0665,35.3752,29.1431,857.18,8.6802,
1770841029.1867602,789,RUN,26.0683,35.2041,29.1238,786.53,8.9957,
1770841029.2893102,790,RUN,26.0701,35.1934,29.0687,767.45,8.9498,
1770841029.3911016,791,RUN,26.0716,35.6932,29.1484,739.08,7.9741,
1770841029.492941,792,RUN,26.0731,35.6897,29.1736,683.16,7.9912,
1770841029.5940647,793,RUN,26.0746,35.5353,29.1693,661.26,8.3073,
1770841029.6968758,794,RUN,26.0762,35.3578,29.0926,619.90,8.5809,
1770841029.7982924,795,RUN,26.0778,35.1926,29.0619,491.19,8.8484,
1770841029.900323,796,RUN,26.0792,35.5937,29.1181,487.59,8.0640,
1770841030.014158,797,RUN,26.0806,35.5315,29.1534,354.80,8.1875,
1770841030.11657,798,RUN,26.0818,35.5747,29.1090,262.02,8.0108,
1770841030.2189772,799,RUN,26.0831,35.4501,29.0998,210.48,8.2463,
1770841030.3206017,800,RUN,26.0845,35.3999,29.0775,288.90,8.3587,
1770841030.422157,801,RUN,26.0856,35.6800,29.0426,219.62,7.6997,
1770841030.5241828,802,RUN,26.0865,36.1311,29.0572,191.25,6.7509,
1770841030.6261258,803,RUN,26.0875,35.8067,29.0304,119.17,7.3811,
1770841030.727249,804,RUN,26.0886,35.5305,28.9453,3.86,7.8251,
1770841030.8298483,805,RUN,26.0896,35.6868,29.0131,0.00,7.5723,
1770841030.930929,806,RUN,26.0904,36.0555,29.0439,0.00,6.8278,
1770841031.0325239,807,RUN,26.0912,36.1530,29.0299,123.99,6.6535,
1770841031.1347516,808,RUN,26.0923,35.7753,29.0349,214.69,7.4963,
1770841031.2367804,809,RUN,26.0936,35.4163,29.0061,213.35,8.2251,
1770841031.3391676,810,RUN,26.0948,35.5825,28.9300,295.55,7.8178,
1770841031.4411075,811,RUN,26.0959,35.7634,28.9351,276.14,7.4346,
1770841031.5427635,812,RUN,26.0971,35.5534,28.8859,298.26,7.8328,
1770841031.644532,813,RUN,26.0984,35.4439,28.8794,303.87,8.0612,
1770841031.7471933,814,RUN,26.0998,35.2744,28.8309,363.04,8.3890,
1770841031.849857,815,RUN,26.1011,35.4274,28.9610,332.95,8.2057,
1770841031.9518685,816,RUN,26.1025,35.5621,28.9995,398.48,7.9917,
1770841032.053746,817,RUN,26.1037,35.7160,28.9793,441.77,7.6607,
1770841032.1562512,818,RUN,26.1051,35.5190,28.9588,448.94,8.0591,
1770841032.25831,819,RUN,26.1062,35.8382,28.9286,301.55,7.2924,
1770841032.3603442,820,RUN,26.1072,35.8146,28.8656,196.50,7.2306,
1770841032.4622004,821,RUN,26.1081,35.9227,28.8062,140.28,6.9209,
1770841032.563118,822,RUN,26.1091,35.8015,28.7841,246.08,7.1857,
1770841032.6662445,823,RUN,26.1101,35.8777,28.7849,209.19,7.0124,
1770841032.7678235,824,RUN,26.1110,36.0670,28.8013,255.93,6.6494,
1770841032.8696768,825,RUN,26.1118,36.0162,28.8032,93.40,6.7341,
1770841032.9722478,826,RUN,26.1128,35.6737,28.8413,70.99,7.4607,
1770841033.0731356,827,RUN,26.1138,35.6724,28.7972,88.39,7.4463,
1770841033.1761034,828,RUN,26.1148,35.6519,28.7922,79.24,7.4892,
1770841033.2778537,829,RUN,26.1159,35.6805,28.8346,189.46,7.4883,
